Q_binned_INDEX,Q_binned
0.0,0.081819963235362
4.0,2.24016892899055
1.0,2.01568021011217
2.0,2.74555297874921
3.0,2.5057873088847
