PER_binned_INDEX,PER_binned
1.0,1834.44023884971
2.0,1583.7162035871
0.0,2016.18344461198
4.0,180.999944598679
3.0,1377.29370384924
