I_binned_INDEX,I_binned
0.0,10.9090065812394
3.0,4.33829475496547
1.0,0.021854896285735
2.0,14.8383766784204
4.0,7.54864230838605
