A_binned_INDEX,A_binned
0.0,3.12335305409866
1.0,2.93271657829271
4.0,2.65900582585391
2.0,0.626210016472752
3.0,2.42262069894195
