MA_binned_INDEX,MA_binned
2.0,5.17464135183E-4
1.0,73.484626715488
0.0,222.871405490262
3.0,291.398149352133
4.0,150.413881887017
