N_binned_INDEX,N_binned
2.0,0.196245150088178
3.0,0.22731345375256
1.0,0.178555181058663
4.0,0.261382157629506
0.0,1.28391205841E-4
