E_binned_INDEX,E_binned
1.0,0.079030004937109
3.0,0.203917153402171
4.0,0.119534450786201
0.0,6.02535445942738E-5
2.0,0.158447976035605
