PER_Y_binned_INDEX,PER_Y_binned
2.0,5.02242365188147
1.0,0.495550840790361
0.0,5.52000943083362
3.0,3.77082465119573
4.0,4.3359786545848
