MOID_binned_INDEX,MOID_binned
3.0,1.02868
2.0,1.25796
1.0,1.52643
4.0,2.65565E-5
0.0,1.76028
