W_binned_INDEX,W_binned
3.0,74.4709123138288
0.0,288.5138315273
4.0,146.000633332969
2.0,219.72915279096
1.0,1.29994414919E-4
