OM_binned_INDEX,OM_binned
2.0,67.0337740094662
1.0,278.409672400927
4.0,128.501328645545
0.0,4.18415467991E-4
3.0,195.018278345927
